gene	tls	lymphoid
BAG3	0	0
BCL6	0	0
CCR7	0	0
CD19	1	1
CD1D	1	1
CD21	0	0
CD22	1	1
CD23	0	0
CD3D	1	1
CD3E	1	1
CD52	1	1
CD74	1	1
CD79A	1	1
CD79B	1	1
CD8A	1	1
CD8B	1	1
CR2	1	0
CTLA4	0	0
CXCL13	1	0
CXCR5	1	0
DNAJB1	0	0
EOMES	0	0
FCER2	1	0
FHIT	0	0
FOXP3	0	0
GNLY	0	0
GZMB	0	0
GZMH	0	0
GZMK	0	0
GZMM	0	0
HAVCR2	0	0
HSPA1A	0	0
HSPA1B	0	0
HSPA6	0	0
HSPH1	0	0
IFNG	0	0
IGHA1	0	0
IGHA2	0	0
IGHG1	0	0
IGHG2	0	0
IL2RA	0	0
IL7R	1	1
ITGAE	1	1
JCHAIN	0	0
KLF2	0	0
LAG3	0	0
LAMP3	0	0
LAYN	0	0
LEF1	0	0
MS4A1	1	1
MZB1	0	0
NKG7	0	0
PDCD1	1	0
PRF1	0	0
PTGDS	1	1
SELL	0	0
TCF7	0	0
TIGIT	0	0
TNFRSF4	0	0
CD4	1	1
TRBC2	1	1